Country Name,Country Code,Series Name,Series Code,2001 [YR2001],2002 [YR2002],2003 [YR2003],2004 [YR2004],2012 [YR2012],2013 [YR2013],2014 [YR2014],2015 [YR2015],2016 [YR2016],2017 [YR2017],2018 [YR2018],2019 [YR2019],2020 [YR2020]
Afghanistan,AFG,GDP (current US$),NY.GDP.MKTP.CD,..,4055179566.34981,4515558808.10994,5226778808.89209,20001598505.7042,20561069558.2152,20484885119.7348,19907111418.9938,18017749073.6362,18869945678.4215,18353881129.5246,19291104007.6135,19807067268.1084
Albania,ALB,GDP (current US$),NY.GDP.MKTP.CD,3922099470.97313,4348070165.19261,5611492282.86582,7184681398.5698,12319830252.4768,12776217194.7928,13228144008.3428,11386846319.1589,11861200797.4706,13019693450.8816,15147020535.3869,15286612572.6895,14799615097.1008
Algeria,DZA,GDP (current US$),NY.GDP.MKTP.CD,54744725765.7191,56760318215.3036,67863841333.4195,85332581188.6107,209058991952.125,209755003250.664,213810023703.446,165979173991.026,160034162957.738,170097230857.956,175414987760.927,171157803367.473,145163902228.168
American Samoa,ASM,GDP (current US$),NY.GDP.MKTP.CD,..,512000000,524000000,509000000,640000000,638000000,643000000,673000000,671000000,612000000,641000000,638000000,..
Andorra,AND,GDP (current US$),NY.GDP.MKTP.CD,1546926174.49664,1755910031.99699,2361726862.30248,2894921777.99851,3188808942.56713,3193704343.20627,3271808157.30038,2789870187.50693,2896679211.86628,3000180750.11297,3218316013.22626,3155065487.51819,..
Angola,AGO,GDP (current US$),NY.GDP.MKTP.CD,8936063723.20121,15285594828.418,17812705294.325,23552052407.5488,128052853643.106,136709862831.194,145712200312.505,116193649124.151,101123851090.455,122123822333.59,101353230784.594,89417190341.2533,62306913444.2917
Antigua and Barbuda,ATG,GDP (current US$),NY.GDP.MKTP.CD,800481481.481481,814381481.481481,856396296.296296,919729629.62963,1199948148.14815,1181448148.14815,1249733333.33333,1336692592.59259,1436585185.18519,1467977777.77778,1605351851.85185,1661962962.96296,1415059259.25926
Argentina,ARG,GDP (current US$),NY.GDP.MKTP.CD,268696750000,97724004251.8602,127586973492.177,164657930452.787,545982375701.128,552025140252.246,526319673731.638,594749285413.212,557531376217.967,643628665302.155,517626700412.885,445445177459.453,383066977653.56
Armenia,ARM,GDP (current US$),NY.GDP.MKTP.CD,2118467913.37873,2376335048.39976,2807061008.69084,3576615240.41616,10619320048.5857,11121465767.4067,11609512939.7542,10553337672.9872,10546135160.031,11527458565.7334,12457941907.0333,13672802157.8324,12645459213.5235
Aruba,ABW,GDP (current US$),NY.GDP.MKTP.CD,1920111731.84358,1941340782.12291,2021229050.27933,2228491620.11173,2534636871.50838,2727849720.67039,2790849162.01117,2962905027.93296,2983636871.50838,3092430167.59777,3202188606.92893,..,..
Australia,AUS,GDP (current US$),NY.GDP.MKTP.CD,378376086723.194,394648911678.527,466488060570.763,612490396927.017,1546151783872.96,1576184467015.49,1467483705131.74,1351693984524.5,1208846993739.99,1329188475752.32,1432881172002.17,1396567014733.23,1330900925056.98
Austria,AUT,GDP (current US$),NY.GDP.MKTP.CD,197337879194.631,213377771503.858,261695778781.038,300904221504.842,409425234155.263,430068712971.867,441996131736.508,381817565893.574,395568644341.038,416207272209.538,454872626780.005,445075391688.156,428965397959.456
Azerbaijan,AZE,GDP (current US$),NY.GDP.MKTP.CD,5707720390.8515,6235856819.58445,7276753894.71541,8680370408.05943,69683935845.2139,74164435946.4627,75244294275.1498,53074370486.0433,37867518957.1975,40865558912.3867,47112941176.4706,48174235294.1176,42607176470.5882
"Bahamas, The",BHS,GDP (current US$),NY.GDP.MKTP.CD,8317830000,8881160000,8870090000,9055290000,10720500000,10568400000,11111600000,11710800000,11928500000,12490700000,13022100000,13578800000,11250000000
Bahrain,BHR,GDP (current US$),NY.GDP.MKTP.CD,8976196808.51064,9593510638.29787,11074813829.7872,13150159574.4681,30749308510.6383,32539468085.1064,33387712765.9574,31050638297.8723,32234973404.2553,35473776595.7447,37652500000,38474521276.5957,..
Bangladesh,BGD,GDP (current US$),NY.GDP.MKTP.CD,53991289844.3291,54724081490.5102,60158929188.2556,65108544250.0425,133355749482.478,149990451022.29,172885454931.453,195078678697.23,221415188000.475,249710922462.309,274038973437.275,302563398919.928,324239176765.053
Barbados,BRB,GDP (current US$),NY.GDP.MKTP.CD,3054500000,3106500000,3209500000,3444500000,4610000000,4677000000,4696500000,4715000000,4830000000,4978000000,5086500000,5209000000,4365500000
Belarus,BLR,GDP (current US$),NY.GDP.MKTP.CD,12354820143.8849,14594249022.8922,17827791321.3067,23144351851.8519,65685102554.8759,75527984234.2342,78813839984.3506,56454734396.5842,47722657820.6675,54726595249.1849,60031262269.3365,64409647193.8044,60258239055.5829
Belgium,BEL,GDP (current US$),NY.GDP.MKTP.CD,236541297539.15,257157820440.429,317381715575.621,368537000248.324,496181260258.3,521642714407.843,534678075827.361,462149679343.822,475739588764.759,501522868356.441,543410654016.602,533254518108.234,515332499627.861
Belize,BLZ,GDP (current US$),NY.GDP.MKTP.CD,868358727.467205,925197971.508255,983575615.245365,1051386576.48391,1522897506.07849,1579411253.00514,1667335060.96064,1721700991.46912,1789304087.78561,1858529676.71857,1915899786.96407,1982518540.6134,1763696118.9519
Benin,BEN,GDP (current US$),NY.GDP.MKTP.CD,3666222633.83624,4194342689.26268,5349258092.89116,6190270377.07555,11141358105.9853,12517845127.6775,13284527850.2632,11388160997.1089,11821065852.1271,12701655845.9612,14250987026.0533,14391686309.033,15651545208.8783
Bermuda,BMU,GDP (current US$),NY.GDP.MKTP.CD,3680483000,3937228000,4186525000,4484703000,6378188000,6465756000,6413988000,6654541000,6899911000,7142316000,7224329000,7484113000,..
Bhutan,BTN,GDP (current US$),NY.GDP.MKTP.CD,461444513.66815,520849551.532606,604041957.921855,682523857.01677,1781281281.57912,1756215665.09323,1907090813.45906,2003598212.99135,2158972129.00307,2450364928.07302,2446866404.93058,2530547157.56678,2409262838.21987
Bolivia,BOL,GDP (current US$),NY.GDP.MKTP.CD,8141537937.61068,7905485216.17852,8082364868.39357,8773451738.91129,27084497481.9103,30659338885.6729,32996188017.3661,33000198248.9146,33941126193.9219,37508642170.767,40287647930.5355,40895322850.9407,36688861202.6049
Bosnia and Herzegovina,BIH,GDP (current US$),NY.GDP.MKTP.CD,5748993411.42021,6651106833.49374,8369878822.85055,10596205714.2857,17226849297.07,18178503835.4491,18558343508.3435,16211541820.2438,16913330693.9653,18080118128.3854,20183510561.2553,20202479537.5193,19788422248.1072
Botswana,BWA,GDP (current US$),NY.GDP.MKTP.CD,5489608299.66445,5438857106.73536,7511582173.37724,8957467706.5354,14380004175.1194,14901750991.2012,16250781586.6579,14420593484.0557,15646354089.458,17405588070.4332,18663265549.0196,18362348887.5873,15781732825.8934
Brazil,BRA,GDP (current US$),NY.GDP.MKTP.CD,559372276081.966,507962487700.024,558319920831.979,669316654017.094,2465188674415.03,2472806919901.67,2455993625159.37,1802214373741.32,1795700168991.49,2063507864886.88,1916947014067.55,1877810514260.36,1444733258971.65
British Virgin Islands,VGB,GDP (current US$),NY.GDP.MKTP.CD,..,..,..,..,..,..,..,..,..,..,..,..,..
Brunei Darussalam,BRN,GDP (current US$),NY.GDP.MKTP.CD,5601090584.36122,5843329107.56171,6557333084.60567,7872333215.00414,19047940300.8963,18093829923.2737,17098342541.4365,12930394937.8137,11400854267.7188,12128104859.1498,13567351175.0315,13469422941.3919,12016056665.3473
Bulgaria,BGR,GDP (current US$),NY.GDP.MKTP.CD,14183497963.1071,16402846413.0958,21144983551.6823,26157894736.8421,54033250328.5151,55615397665.5809,56901994980.3283,50647442756.7445,53806894796.3801,58971520599.2509,66230155099.5775,68558815111.6199,69105101089.5531
Burkina Faso,BFA,GDP (current US$),NY.GDP.MKTP.CD,3190371050.45524,3622350203.94595,4740768355.22974,5451688868.42974,12561016091.4673,13444301139.1384,13943016923.9017,11832159275.603,12833363370.174,14106956830.0857,16059910870.6239,15990803569.9961,17369059295.2226
Burundi,BDI,GDP (current US$),NY.GDP.MKTP.CD,876794723.068586,825394490.159111,784654423.620476,915257323.3961,2333308059.02403,2451625280.19537,2705783330.38791,3104394792.28413,2959641046.92291,3172292379.36329,3036937141.27062,3012308945.62671,3258187232.63159
Cabo Verde,CPV,GDP (current US$),NY.GDP.MKTP.CD,563024383.296626,620974660.230303,813963830.179217,924318490.7598,1741809808.96442,1850470042.43281,1859898513.26858,1596800287.16405,1662998677.88425,1769787215.42141,1966983316.32593,1981845740.70615,1703698676.69742
Cambodia,KHM,GDP (current US$),NY.GDP.MKTP.CD,3984000517.01899,4284028482.54971,4658246918.26014,5337833248.02828,14054443213.4731,15227991395.2235,16702610842.4106,18049954289.4301,20016747754.0153,22177200511.5882,24571753583.504,27089389786.9684,25291251427.3979
Cameroon,CMR,GDP (current US$),NY.GDP.MKTP.CD,10380401988.7009,11634008832.7568,14581533773.0433,17462229588.9923,29102772799.0038,32357345500.9885,34989493826.2179,30928653813.8538,32643697595.8378,35009262788.15,38694156862.9922,39007354359.2798,39802147568.2174
Canada,CAN,GDP (current US$),NY.GDP.MKTP.CD,738981792355.372,760649334098.005,895540646634.787,1026690238278.25,1828366481521.6,1846597421834.98,1805749878439.94,1556508816217.14,1527994741907.43,1649265644244.09,1721853332869.63,1741576393905.98,1643407977068.93
Cayman Islands,CYM,GDP (current US$),NY.GDP.MKTP.CD,..,..,..,..,4291159006.36025,4405954638.18553,4563017880.71523,4708336733.46934,4909498979.9592,5166467298.69195,5522625585.0234,5935769350.77403,..
Central African Republic,CAF,GDP (current US$),NY.GDP.MKTP.CD,931833302.752857,991387870.12463,1139754799.16304,1270080250.65268,2510126509.99477,1691544110.69163,1894813389.88179,1695825714.24273,1825018144.46194,2072349974.15257,2220979144.52018,2220307318.74886,2303078337.57431
Chad,TCD,GDP (current US$),NY.GDP.MKTP.CD,1710843360.64955,1997005786.54118,2742815194.54993,4422855929.21428,12367363677.6199,12953535495.8781,13940768065.6063,10950392219.9104,10097778353.7651,10000395242.1457,11239167048.4916,11314951342.7807,10093118570.2918
Channel Islands,CHI,GDP (current US$),NY.GDP.MKTP.CD,6232906290.4851,6663669064.7482,7332244897.95918,8553643354.08275,..,..,..,..,..,..,..,..,..
Chile,CHL,GDP (current US$),NY.GDP.MKTP.CD,70979923960.3742,69736811435.1032,75643459839.6008,99210392857.6116,267122320056.702,278384332694.359,260541637327.864,243919079437.373,250440149690.889,277034675515.671,297571693064.212,279385487344.526,252940023046.011
China,CHN,GDP (current US$),NY.GDP.MKTP.CD,1339395718862.89,1470550015077.93,1660287965663.89,1955347004965.69,8532229986993.65,9570406235659.64,10475682920597.7,11061553079871.5,11233276536744.7,12310409370894.2,13894817549380.3,14279937467431,14722730697890.1
Colombia,COL,GDP (current US$),NY.GDP.MKTP.CD,98211749595.5442,97963003804.7851,94641378693.223,117081522349.677,370921320483.841,382116126448.554,381112119657.445,293481748240.779,282825009887.458,311883730690.129,334198214706.209,323429888934.257,271346896626.418
Comoros,COM,GDP (current US$),NY.GDP.MKTP.CD,378512003.405071,425964697.418664,546885184.990174,633706149.25026,1015843491.24635,1116224107.17116,1149587659.74502,966029599.801228,1012835492.51575,1077439756.12221,1178530633.81547,1165839899.80269,1219690024.50287
"Congo, Dem. Rep.",COD,GDP (current US$),NY.GDP.MKTP.CD,7438189100.33333,8728038525.14034,8937567059.87754,10297483481.223,29306235826.3885,32679745297.6453,35909040265.9328,37917704900.0794,37134799974.5225,38019265625.8845,46831342212.5473,50400746171.4239,49868970641.1062
"Congo, Rep.",COG,GDP (current US$),NY.GDP.MKTP.CD,2796704577.3082,3034251042.07329,3503723244.83607,4656975222.72243,17693924573.2499,17953617927.2933,17889079957.9301,11885478502.053,10158508345.3104,11109029840.2479,13642740884.1356,12693562947.7856,10884686142.6442
Costa Rica,CRI,GDP (current US$),NY.GDP.MKTP.CD,15976174336.9721,16578820687.2881,17271760506.9483,18610594846.2083,47231651864.8284,50949672205.9168,52016408950.8936,56441917652.9812,58847016044.7363,60516043590.1832,62335931464.4979,63951114302.2599,61520669890.4037
Cote d'Ivoire,CIV,GDP (current US$),NY.GDP.MKTP.CD,11202353584.6713,12405208665.4831,15340993079.1206,16584164236.2204,26789047554.5988,31273074527.6975,35363533865.7271,45814637971.4745,47964234560.0514,51588158717.5348,58011466450.8643,58539424929.7248,61348579465.1017
Croatia,HRV,GDP (current US$),NY.GDP.MKTP.CD,23054778851.2787,26813968850.5192,34682900712.6654,41587470546.7946,56580819623.8529,58194069434.1423,57639588805.5871,49525747503.8149,51601147665.8089,55481644098.0495,61375222347.0256,60752588976.3175,55966581780.1688
Cuba,CUB,GDP (current US$),NY.GDP.MKTP.CD,31682400000,33590500000,35901200000,38203000000,73141000000,77148000000,80656000000,87133000000,91370000000,96851000000,100050000000,103131000000,..
Curacao,CUW,GDP (current US$),NY.GDP.MKTP.CD,..,..,..,..,3131096089.38547,3147616201.11732,3158406033.51955,3151910782.1229,3122287932.96089,3116610111.73184,3127908044.69274,3101787709.49721,..
Cyprus,CYP,GDP (current US$),NY.GDP.MKTP.CD,10397897085.6102,11420227884.6154,14547325028.3126,17320552500,24978513426.6992,23900872625.8467,23156850006.6427,19842404304.8929,20953442550.3653,22729184365.1152,25309818138.8758,24949065263.6292,23804340376.9275
Czech Republic,CZE,GDP (current US$),NY.GDP.MKTP.CD,67808032979.5429,82196001050.7474,100090467581.268,119814434353.575,208857719320.649,211685616592.931,209358834156.329,188033050459.881,196272068576.338,218628940951.675,248950103352.137,250686478649.064,243530379896.813
Denmark,DNK,GDP (current US$),NY.GDP.MKTP.CD,164791442543.375,178635163717.431,218096033517.009,251373002954.382,327148943812.137,343584391647.927,352993631617.708,302673070846.857,313115929314.339,332121063806.391,356879499797.896,350104327658.675,355184024841.254
Djibouti,DJI,GDP (current US$),NY.GDP.MKTP.CD,572417440.820162,591122039.601398,622044665.515049,666072101.777505,1353632941.5207,2042817162.85639,2214681573.56933,2430287967.02678,2603554906.59464,2751461055.59307,3012820409.63313,3324634256.13324,3384404260.07202
Dominica,DMA,GDP (current US$),NY.GDP.MKTP.CD,340203703.703704,333196296.296296,343311111.111111,367200000,485996296.296296,498296296.296296,520207407.407407,540737037.037037,576229629.62963,519837037.037037,551074074.074074,574607407.407407,469870370.37037
Dominican Republic,DOM,GDP (current US$),NY.GDP.MKTP.CD,25601765400.5153,27137508656.8522,21403167848.1444,22322395368.0274,60681537195.7996,62682163837.347,67179914026.9623,71164825256.6849,75704720189.5607,79997975621.8654,85555378042.8196,88941299733.5018,78844702329.0785
Ecuador,ECU,GDP (current US$),NY.GDP.MKTP.CD,24468324000,28548945000,32432858000,36591661000,87924544000,95129659000,101726331000,99290381000,99937696000,104295862000,107562008000,108108009000,98808010000
"Egypt, Arab Rep.",EGY,GDP (current US$),NY.GDP.MKTP.CD,96684636118.5984,85146067415.7303,80288461538.4615,78782467532.4675,279116666666.667,288434108527.132,305595408895.265,329366576819.407,332441717791.411,235733695652.174,249712999437.254,303080865603.645,363069245165.315
El Salvador,SLV,GDP (current US$),NY.GDP.MKTP.CD,12282533600,12664190300,13243892200,13724810900,21386150000,21990970000,22593460000,23438240000,24191430000,24979200000,26020850000,26896660000,24638720000
Equatorial Guinea,GNQ,GDP (current US$),NY.GDP.MKTP.CD,1461139022.02954,1806742742.27311,2484745935.09329,4410764338.66733,22388344123.9916,21948834290.3538,21765453087.4795,13185496881.4055,11240808846.6928,12200913887.6419,13097012189.3995,11417278044.9859,10021856754.4944
Eritrea,ERI,GDP (current US$),NY.GDP.MKTP.CD,752368495.512622,729321366.651861,870247703.182758,1109054005.43971,..,..,..,..,..,..,..,..,..
Estonia,EST,GDP (current US$),NY.GDP.MKTP.CD,6259257899.91943,7372457379.67411,9877636630.53297,12144397515.528,23192708981.8446,25271406707.566,26773473625.1921,23048864242.6072,24259552888.9717,26885077004.7802,30616184212.1592,31471100656.2431,31029968591.2779
Eswatini,SWZ,GDP (current US$),NY.GDP.MKTP.CD,1542477355.35654,1432228172.702,2197612767.195,2770082822.46579,4886658806.33374,4597702903.12892,4422304974.7989,4062660889.82685,3816018484.52711,4402972999.53486,4665424249.06156,4471598726.6436,3962493092.99308
Ethiopia,ETH,GDP (current US$),NY.GDP.MKTP.CD,8231326016.47494,7850809498.16803,8623691300.04079,10131187261.4421,43310721414.0829,47648211133.2183,55612228233.5179,64589334978.8013,74296618481.0882,81770791970.982,84269348327.3454,95912590628.1412,107645054311.876
Faroe Islands,FRO,GDP (current US$),NY.GDP.MKTP.CD,1147654635.45922,1262669892.4595,1494011567.01125,1688237552.36935,2366301251.61847,2627049837.08135,2850743875.2784,2518096285.61661,2738832687.13698,2899226097.62377,3051341335.9516,3126293219.77989,..
Fiji,FJI,GDP (current US$),NY.GDP.MKTP.CD,1652464201.00149,1833279985.36741,2300453634.34962,2708078476.63012,3972012570.53467,4190143206.25611,4856963229.83999,4682546863.08162,4930204229.72263,5353404422.08138,5581393120.62853,5496250694.31587,4376014755.57615
Finland,FIN,GDP (current US$),NY.GDP.MKTP.CD,129421029082.774,139738377564.465,171274266365.688,197116960516.514,258304834621.605,271285280621.373,274497230802.958,234440080998.273,240607907010.383,255016517537.983,275849574507.692,268966065200,271233883403.892
France,FRA,GDP (current US$),NY.GDP.MKTP.CD,1376465324384.79,1494286655373.61,1840480812641.08,2115742488204.62,2683825225092.63,2811077725703.59,2852165760630.27,2438207896251.84,2471285607081.72,2588740901639.81,2786502569559.77,2715518274227.45,2603004395901.95
French Polynesia,PYF,GDP (current US$),NY.GDP.MKTP.CD,..,..,..,..,..,..,..,..,..,..,..,..,..
Gabon,GAB,GDP (current US$),NY.GDP.MKTP.CD,5023265365.25169,5335451307.54323,6511903657.44009,7770219479.72648,17170465294.0332,17595745653.3676,18203968001.8908,14383107714.0388,14023890620.3384,14929488770.7315,16862282413.8778,16874450215.1351,15593181270.9135
"Gambia, The",GMB,GDP (current US$),NY.GDP.MKTP.CD,687408804.630527,578236035.104279,487038821.611959,961900106.892751,1415006238.09509,1375608956.10386,1229460601.92174,1378176868.31568,1484579844.37143,1504909753.28746,1670670668.5939,1826073739.82522,1901930157.64528
Georgia,GEO,GDP (current US$),NY.GDP.MKTP.CD,3219488663.77231,3395728013.84524,3991284895.37214,5125365191.98664,16488403076.3641,17189551520.9811,17627003454.7205,14953950557.4406,15141758566.7808,16242916915.7203,17599700090.762,17477255562.2583,15891688903.1843
Germany,DEU,GDP (current US$),NY.GDP.MKTP.CD,1944107382550.34,2068624129493.69,2496128668171.56,2809187981127.39,3527344944139.83,3732743446218.92,3883920155292.26,3356235704119.75,3467498002104.33,3673506280844.4,3961831911429.22,3861123558039.21,3806060140124.52
Ghana,GHA,GDP (current US$),NY.GDP.MKTP.CD,5314909953.92992,6166330136.2948,7632406552.83803,8881368538.07671,41270954737.2459,62823043699.2187,51717482623.9132,47498906691.6182,54499451834.1061,58845211998.3455,65315955122.8077,67234292582.7606,72354428864.9032
Gibraltar,GIB,GDP (current US$),NY.GDP.MKTP.CD,..,..,..,..,..,..,..,..,..,..,..,..,..
Greece,GRC,GDP (current US$),NY.GDP.MKTP.CD,136191353914.989,153830946734.425,201924269751.693,240521261484.976,242053529231.146,238484046041.178,235295470067.176,195317994377.197,192732474229.218,199630819054.302,212146107548.996,205326724570.227,189410106620.016
Greenland,GRL,GDP (current US$),NY.GDP.MKTP.CD,1086172922.57413,1169138789.31435,1558753434.43083,1822486688.58807,2609667673.71601,2684952726.88425,2842048997.77283,2499115623.00272,2707146783.13056,2826651925.66902,3051626389.63671,..,..
Grenada,GRD,GDP (current US$),NY.GDP.MKTP.CD,520444185.185185,540336925.925926,591018407.407407,599118592.592593,799882259.259259,842620111.111111,911497407.407407,997007925.925926,1061631222.22222,1125685185.18519,1168696296.2963,1211403703.7037,1089203703.7037
Guam,GUM,GDP (current US$),NY.GDP.MKTP.CD,..,3394000000,3569000000,3869000000,5265000000,5399000000,5610000000,5799000000,5901000000,6013000000,6051000000,6311000000,..
Guatemala,GTM,GDP (current US$),NY.GDP.MKTP.CD,18405203853.1036,20444205991.025,21576351798.9145,23577286226.6407,49593961141.7484,52996540703.5943,57852399963.7878,62186186575.7433,66053725049.0138,71654134378.5299,73208583758.9105,77020015201.3201,77604632170.5853
Guinea,GIN,GDP (current US$),NY.GDP.MKTP.CD,2829435956.51563,2950198648.95191,3446441698.00738,3635458132.65317,7638045254.43072,8376613843.27475,8778473614.54971,8794202443.67754,8595955581.21266,10324668266.595,11857030336.5274,13513809258.2083,15681050917.1588
Guinea-Bissau,GNB,GDP (current US$),NY.GDP.MKTP.CD,392621385.894576,417806667.07798,477458598.710737,532062927.382438,989271229.637162,1046087417.96916,1054915645.19654,1048229629.42039,1179004941.22904,1350177127.5523,1504630120.99275,1439638443.38133,1431758242.90375
Guyana,GUY,GDP (current US$),NY.GDP.MKTP.CD,712167575.624277,726131434.715338,743064076.794567,787814379.183843,4063090016.16068,4167801802.7918,4127664335.82693,4279840361.68334,4482697336.56174,4748174334.19019,4787635821.46116,5173759527.50705,5471256594.72422
Haiti,HTI,GDP (current US$),NY.GDP.MKTP.CD,6364908099.76038,6106867933.51625,5000238128.66769,6005401729.71229,13708931889.7884,14498080022.6317,14790765759.5274,14857386163.9184,13723267960.8434,14213814582.7938,15965670198.4548,14332163266.3977,13417997065.1099
Honduras,HND,GDP (current US$),NY.GDP.MKTP.CD,7651174661.42872,7858235333.4834,8230387552.2259,8869311410.95131,18528601901.324,18499710127.8385,19756494434.7031,20979767785.2104,21717622071.3816,23136232229.6069,24067778953.842,25089976946.7736,23827840809.7014
"Hong Kong SAR, China",HKG,GDP (current US$),NY.GDP.MKTP.CD,169403241524.337,166349228737.386,161384522525.299,169099768875.193,262629441493.476,275696879834.966,291459356985.337,309383627028.561,320837638328.846,341244161576.759,361691522612.745,363016373358.517,346585881503.635
Hungary,HUN,GDP (current US$),NY.GDP.MKTP.CD,53749989092.0197,67608919144.3684,85302003908.042,103960017914.058,128475498380.379,135411698965.109,140765018880.633,125074286021.14,128470534117.954,142961605733.026,160431092908.646,163503650313.081,155012927629.087
Iceland,ISL,GDP (current US$),NY.GDP.MKTP.CD,8234846804.60582,9318395054.85934,11429333037.8443,13825302535.7699,14751508133.5443,16125060515.3117,17867662177.8911,17517210519.0912,20793168030.9524,24728285177.4603,26224228693.3954,24836714771.4638,21714670569.6033
India,IND,GDP (current US$),NY.GDP.MKTP.CD,485441014538.638,514937948870.08,607699285433.872,709148514804.659,1827637859136.23,1856722121394.42,2039127446299.3,2103587813812.2,2294797980509.51,2651472946375.05,2701111782774.57,2870504096717.48,2622983732006.45
Indonesia,IDN,GDP (current US$),NY.GDP.MKTP.CD,160446947784.909,195660611165.183,234772463823.808,256836875295.452,917869910105.749,912524136718.018,890814755233.225,860854235065.079,931877364177.742,1015618742565.81,1042271531011.99,1119091259074.62,1058423838345.14
"Iran, Islamic Rep.",IRN,GDP (current US$),NY.GDP.MKTP.CD,126878750295.944,128626917503.72,153544751395.43,190043433964.841,598868460912.847,460293149324.326,432687036177.818,384951479697.42,417983583565.54,445345256459.105,294356680624.658,258245497664.394,191718271483.759
Iraq,IRQ,GDP (current US$),NY.GDP.MKTP.CD,36176430128.8057,32928454672.4246,21921569478.8163,36627901762.063,218002481737.691,234637675128.645,228415656174.957,166774109673.732,166602488747.885,190643898226.351,212271807144.367,222434137055.838,167224432560.319
Ireland,IRL,GDP (current US$),NY.GDP.MKTP.CD,109181142729.306,127946590438.547,164259648984.199,193927356592.997,224984397510.31,238483849535.574,258909619169.7,291521892625.047,299556360839.631,338503196943.167,385967106117.099,398590210120.337,418621818482.305
Isle of Man,IMN,GDP (current US$),NY.GDP.MKTP.CD,1659131243.73837,1947332921.74718,2328658227.8481,2822358473.16983,6690725118.48341,7000748788.49461,7708834951.45631,7085288006.11154,6846691871.45558,6979581724.58172,7491969312.87525,..,..
Israel,ISR,GDP (current US$),NY.GDP.MKTP.CD,131056971966.617,121411638102.073,127330118574.471,135728171575.19,257173086463.689,292692657451.921,310047504908.571,300122499721.281,318616506157.945,352667925811.028,370455651179.958,394652208893.138,401953804837.087
Italy,ITA,GDP (current US$),NY.GDP.MKTP.CD,1167012796420.58,1270712309429.7,1574145823927.77,1803226967966.23,2087077032435.15,2141315327318.21,2159133919743.77,1835899237320.04,1875797463583.87,1956950469673.29,2091117091124.1,2004913357800,1886445268340.71
Jamaica,JAM,GDP (current US$),NY.GDP.MKTP.CD,9194717835.99985,9719017925.92929,9430230564.4699,10174664853.9476,14807086889.2099,14264202737.3082,13899228824.2161,14188935947.5694,14077109396.8584,14808989993.3185,15730793852.7913,15830768549.8916,13812421803.4084
Japan,JPN,GDP (current US$),NY.GDP.MKTP.CD,4303544259842.72,4115116279069.77,4445658071221.86,4815148854362.11,6203213121334.12,5155717056270.83,4850413536037.84,4389475622588.97,4922538141454.62,4866864409657.68,4954806619995.19,5064872875604.59,..
Jordan,JOR,GDP (current US$),NY.GDP.MKTP.CD,8975689844.8519,9582453032.44006,10195660789.8449,11411390409.0268,31634561690.1408,34454440140.8451,36847643521.1268,38587017887.3239,39892551126.7606,41408960845.0704,42932112676.0563,44502895915.493,43697659275.3137
Kazakhstan,KAZ,GDP (current US$),NY.GDP.MKTP.CD,22152694161.8882,24636593223.3467,30833699702.7594,43151647002.6096,207998568865.789,236634552078.102,221415572819.5,184388432148.715,137278320084.171,166805800595.704,179339994859.384,181667190075.541,169835426427.153
Kenya,KEN,GDP (current US$),NY.GDP.MKTP.CD,12986007425.8781,13147743910.7241,14904517649.8476,16095337093.8366,50412754861.0191,55096728047.9408,61448046801.6041,64007750169.3344,69188755364.2995,78965004656.1823,87778582964.1388,95503088538.092,98842939649.1149
Kiribati,KIR,GDP (current US$),NY.GDP.MKTP.CD,63101272.3699183,72196457.6768445,90231856.8000519,102367039.270481,190243321.598675,185113921.606488,179703443.302686,171117872.436331,178328873.030033,187276210.91355,196737895.995218,194647201.946472,199573325.992705
"Korea, Dem. People's Rep.",PRK,GDP (current US$),NY.GDP.MKTP.CD,..,..,..,..,..,..,..,..,..,..,..,..,..
"Korea, Rep.",KOR,GDP (current US$),NY.GDP.MKTP.CD,547658231279.87,627246081417.004,702717332012.991,793175007858.066,1278427634342.59,1370795199976.18,1484318219633.63,1465773245547.15,1500111596236.37,1623901496835.79,1724845615629.26,1646739219509.89,1630525005469.11
Kosovo,XKX,GDP (current US$),NY.GDP.MKTP.CD,2535333631.88536,2406270658.23024,2790455727.69422,3556757428.82009,6499807272.26005,7074777526.896,7396705194.63266,6442915788.30578,6719172016.82533,7245707184.81699,7942961738.30893,7953156068.06986,7611402165.24217
Kuwait,KWT,GDP (current US$),NY.GDP.MKTP.CD,34887512226.9319,38137545245.1464,47876510067.1141,59439090600.6108,174070382279.385,174161142454.161,162631412508.784,114567298105.683,109419728566.7,120707435412.358,138182400493.585,136196760180.976,..
Kyrgyz Republic,KGZ,GDP (current US$),NY.GDP.MKTP.CD,1525116370.27939,1605643104.73021,1919008090.49641,2211534585.0034,6605139933.41063,7335027591.91628,7468096566.71158,6678178340.45121,6813092065.83507,7702934800.12836,8271106196.04265,8871019822.76703,7735976612.64163
Lao PDR,LAO,GDP (current US$),NY.GDP.MKTP.CD,1768619058.34647,1758176653.07746,2023324407.30316,2366398119.8821,10191350119.6808,11942230508.334,13268458231.9284,14390442307.3996,15805692545.8723,16853087485.4118,17953786416.1431,18245925331.2396,19136194848.6534
Latvia,LVA,GDP (current US$),NY.GDP.MKTP.CD,8351415939.10902,9545172805.82083,11749456401.4266,14401882398.8552,28324787663.6545,30436727789.4364,31329367172.7409,27239653843.5022,28052325862.0461,30383528686.2906,34399206589.8596,34055464655.3254,33505185228.7067
Lebanon,LBN,GDP (current US$),NY.GDP.MKTP.CD,17649751243.7811,19152238805.9701,20082918739.6352,21159827992.0398,44035991745.6716,46909335135.1244,48134486624.6103,49939374832.7031,51205122503.8143,53140638269.1211,54961275741.5589,51991634491.6345,33383246857.58
Lesotho,LSO,GDP (current US$),NY.GDP.MKTP.CD,825706961.238689,775780697.676625,1157832934.55127,1511236655.52047,2477702252.80078,2367113170.00373,2441053175.70743,2359759799.04224,2114323793.98266,2306843528.52853,2514146887.91664,2366213068.57507,1844510137.67817
Liberia,LBR,GDP (current US$),NY.GDP.MKTP.CD,906000000,927000000,748000000,897000000,2721000000,3067000000,3144000000,3177000000,3277826000,3285455000,3264000000,3070518100,2950000000
Libya,LBY,GDP (current US$),NY.GDP.MKTP.CD,34110064452.1567,20481889763.7795,26265625000,33122307692.3077,81873662518.8238,65502870173.7831,41142722414.3351,27842131479.8726,26197143268.1243,37883243650.452,52607888717.9487,52091152228.3425,25418461532.2008
Liechtenstein,LIE,GDP (current US$),NY.GDP.MKTP.CD,2491822706.80256,2688630822.53304,3070691319.52179,3454362685.96703,5456009384.66461,6391735893.83968,6657170923.37918,6268391521.19701,6237264055.20601,6474256118.61481,6839145106.86164,..,..
Lithuania,LTU,GDP (current US$),NY.GDP.MKTP.CD,12237388001.7264,14259781159.0119,18781721376.1985,22627507451.5648,42927454291.478,46523420074.4372,48533659592.1728,41418872976.1196,43018087237.5741,47640770634.427,53696648755.4347,54639938780.2352,55887271833.0025
Luxembourg,LUX,GDP (current US$),NY.GDP.MKTP.CD,21272418791.9463,23616328816.1114,29557325056.4334,34685281847.5292,56677961787.0717,61739352212.3049,66103853236.7572,57744457954.7297,60691483443.1221,64023412339.7075,70885325883.0941,71104919108.1411,73263982103.0119
"Macao SAR, China",MAC,GDP (current US$),NY.GDP.MKTP.CD,6860272608.45211,7371723056.2402,8246521717.44876,10643215078.1581,43189526777.5567,51536304807.6803,54903031137.7096,45060237946.149,45085114632.7125,50456765512.0857,55302446577.8879,55153707948.7021,..
Madagascar,MDG,GDP (current US$),NY.GDP.MKTP.CD,5438332738.10373,5351701534.15801,6372498719.84613,5064732715.72615,11578978052.8789,12423557906.9182,12522959157.2295,11323023786.5698,11848615018.398,13176313233.1978,13614412550.8722,14191911512.041,13720634105.403
Malawi,MWI,GDP (current US$),NY.GDP.MKTP.CD,1716502862.2954,3495748397.63025,3208837077.25069,3476094498.87517,6028487928.83351,5518880768.57955,6047813437.31804,6373212640.84604,5433040159.88747,8787570920.44408,9712994564.91596,10862613621.906,11961848552.5977
Malaysia,MYS,GDP (current US$),NY.GDP.MKTP.CD,92783947368.4211,100845526315.789,110202368421.053,124749473684.211,314443149443.149,323277158906.979,338061963396.376,301354803994.367,301255380276.258,319112136545.438,358715057123.739,364681367531.684,336664444247.042
Maldives,MDV,GDP (current US$),NY.GDP.MKTP.CD,870179738.562091,897031250,1052121054.6875,1226829562.5,2886170571.69634,3295011381.75405,3697351596.83753,4109447297.00709,4379115587.82957,4754352303.8929,5299773143.69623,5642179170.45898,4030203166.77482
Mali,MLI,GDP (current US$),NY.GDP.MKTP.CD,3468337909.17148,3908121459.12749,4714072191.04621,5454249456.70519,12442036265.1484,13242691429.5942,14364937996.8661,13104764333.9941,14026048690.7312,15365714371.3316,17070866299.0945,17281815733.9596,17393761397.0805
Malta,MLT,GDP (current US$),NY.GDP.MKTP.CD,4088368978.34589,4470446391.44639,5448415500.17071,6098092551.07125,9462238211.48657,10551661176.7831,11626281387.0068,11091434483.5238,11721521912.7202,13221298307.8894,14864712990.1631,15215714309.0974,14647384607.604
Marshall Islands,MHL,GDP (current US$),NY.GDP.MKTP.CD,122824000,131738200,131398500,132440200,180436300,184840400,182142800,183814300,201510900,213204100,221588900,239462200,..
Mauritania,MRT,GDP (current US$),NY.GDP.MKTP.CD,1746064718.79169,1777058592.98812,2051147606.73687,2362501023.24249,6728208836.22143,7223063169.72749,6592537781.81518,6166857628.62212,6398744505.08129,6757333550.27933,7050987978.12063,7600650037.8463,7778525642.92883
Mauritius,MUS,GDP (current US$),NY.GDP.MKTP.CD,4613630622.77501,4841310239.63687,5816553826.85519,6578844486.06288,11668696526.2123,12129658758.3254,12803438964.9438,11692287066.381,12232469391.7573,13259348213.99,14181930162.4161,14046337854.8466,10914065306.2423
Mexico,MEX,GDP (current US$),NY.GDP.MKTP.CD,756706300589.791,772106378935.377,729336319677.449,782240601984.76,1201089987015.45,1274443084716.57,1315351183524.54,1171867608197.72,1078490651625.31,1158913035796.37,1222348807283.2,1268870527160.03,1076163316174.94
"Micronesia, Fed. Sts.",FSM,GDP (current US$),NY.GDP.MKTP.CD,240970900,242517200,245432900,240236000,327248700,317214400,319271200,316489900,332265200,366666800,401932300,408060600,..
Moldova,MDA,GDP (current US$),NY.GDP.MKTP.CD,1480673594.05602,1661818168.4226,1980907434.76826,2598249555.89984,8709165249.26928,9496684701.43325,9510219299.49557,7745231660.33425,8071480540.86068,9669759987.02633,11456728401.3069,11968699005.9801,11914040905.2626
Monaco,MCO,GDP (current US$),NY.GDP.MKTP.CD,2718868306.01093,2968987019.23077,3601321064.55266,4137913500,5743029680.07195,6555983530.34932,7069616048.89066,6261622101.40908,6472990923.1791,6431314957.07185,7194024563.06094,7423709839.9194,..
Mongolia,MNG,GDP (current US$),NY.GDP.MKTP.CD,1267997934.3125,1396555719.97409,1595297355.78349,1992066808.09598,12292770631.1967,12582122604.1921,12226514722.0861,11749620619.5962,11186734674.3847,11425755279.5395,13108769495.7472,13996719329.4236,13137128659.479
Montenegro,MNE,GDP (current US$),NY.GDP.MKTP.CD,1159869245.92513,1284685050.52413,1707710053.14938,2073234417.68066,4087725812.66864,4466040642.84766,4594024179.62003,4054712082.54743,4377033429.26721,4856632399.45775,5506767831.83751,5542674764.89028,4778582336.18234
Morocco,MAR,GDP (current US$),NY.GDP.MKTP.CD,39459581217.3759,42236836820.6152,52064058833.9739,59626020162.3816,98266306615.3632,106825649872.108,110081248587.369,101179808076.36,103311649248.024,109682728023.112,118096227400.092,119700325461.938,112870591694.044
Mozambique,MOZ,GDP (current US$),NY.GDP.MKTP.CD,5398568543.63492,5677003239.29386,6303391143.83386,7631120533.36168,16350804543.0515,16974320551.0213,17716084107.5888,15950969018.9458,11936999283.1791,13219084261.3664,14845870050.7092,15291448211.603,14021421105.9078
Myanmar,MMR,GDP (current US$),NY.GDP.MKTP.CD,4275404729.83833,7630308165.0367,8981700373.87009,8857405669.93548,53254531557.5056,58175459729.6908,59640204521.7773,60291736893.9397,61449392056.1488,67144725830.5753,68697759361.231,79844294296.0647,76185586096.7974
Namibia,NAM,GDP (current US$),NY.GDP.MKTP.CD,3557333363.19743,3349184762.16428,4926471288.09156,6609198826.38003,13042007432.3598,12043276401.4161,12435416063.4689,11335179560.987,10721994676.2429,12895153157.3463,13681065175.4861,12565772084.7441,10699926682.6513
Nauru,NRU,GDP (current US$),NY.GDP.MKTP.CD,..,..,..,..,96927201.4848422,98491843.6441982,104654365.188653,86779266.1619103,100087348.959092,109585941.624557,124021393.690412,118223430.124446,..
Nepal,NPL,GDP (current US$),NY.GDP.MKTP.CD,6007055042.17687,6050875806.66403,6330473096.54071,7273938314.71988,21703106502.4926,22162208956.0893,22731602969.6861,24360795410.1597,24524098184.4236,28971589213.134,33111525182.7133,34186180694.9285,33657175561.329
Netherlands,NLD,GDP (current US$),NY.GDP.MKTP.CD,431213422818.792,471613965744.401,578792325056.433,657171591755.649,838971306990.906,876923518850.405,890981311077.658,765264949780.999,783528181704.567,831809944960.879,913597086062.599,907050863145.097,912242335119.069
New Caledonia,NCL,GDP (current US$),NY.GDP.MKTP.CD,..,..,..,..,..,..,..,..,..,..,..,..,..
New Zealand,NZL,GDP (current US$),NY.GDP.MKTP.CD,53872425916.6248,66627729311.4495,88250885550.2626,103905210084.034,176206659722.524,190906575136.003,201313497220.917,178064471137.921,188943457301.474,206950600690.395,212225726657.864,209127454522.901,212482013605.047
Nicaragua,NIC,GDP (current US$),NY.GDP.MKTP.CD,5323146565.70315,5224213017.54386,5322454925.84746,5795568204.64532,10532049076.9407,10982979274.1922,11880434070.7811,12756706583.3113,13286083644.8761,13785909906.1925,13025208219.7685,12611218627.0632,12621476263.8278
Niger,NER,GDP (current US$),NY.GDP.MKTP.CD,2448714680.56221,2782192986.95772,3394084884.67098,3760443965.72976,9426913349.22319,10224897934.722,10862944203.5591,9685577941.03195,10355006770.1014,11189541083.3975,12846952856.8458,12911689659.351,13678234008.4714
Nigeria,NGA,GDP (current US$),NY.GDP.MKTP.CD,74030364472.0506,95385819320.5737,104911947834.122,136385979322.437,455501524575.498,508692961937.492,546676374567.721,486803295097.89,404650006428.613,375746469538.666,397190484464.308,448120428858.769,432293776262.398
North Macedonia,MKD,GDP (current US$),NY.GDP.MKTP.CD,3709479717.81305,3994762861.1154,4948324125.2302,5682776765.83688,9743277661.79541,10816616379.3103,11361563307.4935,10071243243.2432,10680463278.8651,11310265324.7941,12679934731.3891,12547086168.4896,12266949805.1436
Northern Mariana Islands,MNP,GDP (current US$),NY.GDP.MKTP.CD,..,1284000000,1239000000,1210000000,746000000,772000000,832000000,910000000,1230000000,1560000000,1302000000,1182000000,..
Norway,NOR,GDP (current US$),NY.GDP.MKTP.CD,173972218824.027,195524186477.617,228858506821.841,264511630666.983,509506317146.541,522761531914.894,498410050251.256,385801550067.169,368827142857.143,398393955268.99,436999692591.454,405510000000,362008956544.827
Oman,OMN,GDP (current US$),NY.GDP.MKTP.CD,19452000475.6183,20142756174.721,21633708220.0073,24763713000.6005,76511069704.3228,78555622509.2653,80686929102.1927,68420257566.6036,65441278668.2947,70585606843.7797,79788768968.949,76331518668.5771,..
Pakistan,PAK,GDP (current US$),NY.GDP.MKTP.CD,79484403984.8849,79904985384.8652,91760542940.0717,107759683863.123,224383620829.57,231218567178.979,244360888750.807,270556131701.171,278654637737.69,304567253219.097,314567541558.339,278221906022.841,263686552686.208
Palau,PLW,GDP (current US$),NY.GDP.MKTP.CD,156907900,163184900,153963200,165186200,212397800,221117200,241669800,280457700,295065400,286106800,280435700,268354900,..
Panama,PAN,GDP (current US$),NY.GDP.MKTP.CD,12502013400,12994310400,13693981200,15013381700,40429700000,45599900000,49921400000,54091800000,57907700000,62202700000,64928300000,66787900000,52938100000
Papua New Guinea,PNG,GDP (current US$),NY.GDP.MKTP.CD,3081024212.42924,2999511040.19764,3536411824.2958,3927157866.96465,21295659243.6168,21261432791.2675,23210682538.3928,21723531173.2409,20759069103.0961,22742613553.6879,24109509852.7402,24829107011.0701,23591523025.2864
Paraguay,PRY,GDP (current US$),NY.GDP.MKTP.CD,8495806432.18467,7196260656.84556,7691367471.17992,9624440836.29309,33296438306.4747,38651334287.6732,40377987208.689,36211372702.8085,36089550659.0914,38997129473.5558,40225448340.6322,37906944074.6128,35304238230.1132
Peru,PER,GDP (current US$),NY.GDP.MKTP.CD,52030158775.4055,54777553515.0809,58731030121.8671,66768703497.5687,192648999090.082,201175469114.327,200789362451.567,189805300841.603,191895943823.887,211007207483.515,222574697255.522,228470919605.669,202014363787.233
Philippines,PHL,GDP (current US$),NY.GDP.MKTP.CD,78921079687.8769,84307291973.8158,87039145965.2826,95002028504.6904,261920509950.555,283902728260.716,297483247101.038,306446140628.709,318626761492.867,328480867142.69,346842094174.513,376823278560.849,361489354350
Poland,POL,GDP (current US$),NY.GDP.MKTP.CD,190905493539.168,199072058823.529,217827260805.842,255110181539.808,498523568248.119,521016262734.924,542477096211.761,477811911394.084,472630364208.177,526508877305.321,587408980271.71,595862086928.211,594164690894.936
Portugal,PRT,GDP (current US$),NY.GDP.MKTP.CD,121498889485.459,134156091661.961,164862142212.19,189034502110.752,216236608773.976,226369502104.236,229596170846.995,199313894327.486,206286022781.894,220811110492.149,242194788533.537,239510770948.274,231255587276.741
Puerto Rico,PRI,GDP (current US$),NY.GDP.MKTP.CD,69208400000,71623500000,74827400000,80322313000,101564800000,102450000000,102445800000,103375500000,104336700000,103445500000,100925000000,104914600000,103138300000
Qatar,QAT,GDP (current US$),NY.GDP.MKTP.CD,17538461538.4615,19363736263.7363,23533791208.7912,31734065934.0659,186833502362.128,198727642979.297,206224598564.624,161739955577.748,151732181857.113,161099122215.307,183334953813.209,175837550996.185,146373588866.511
Romania,ROU,GDP (current US$),NY.GDP.MKTP.CD,40394824679.1232,46066101951.2933,57806506024.0964,74972669056.5922,170635805316.879,190801346194.297,199959363430.073,177729210874.504,188128818486.401,211695422578.655,241457403085.042,249696854574.199,248715551366.635
Russian Federation,RUS,GDP (current US$),NY.GDP.MKTP.CD,306602070620.5,345470494417.863,430347770731.787,591016690742.798,2208295773643.15,2292473246621.08,2059241965490.83,1363481063446.77,1276786979221.81,1574199387070.9,1657328865709.99,1687448525466.61,1483497784867.6
Rwanda,RWA,GDP (current US$),NY.GDP.MKTP.CD,1965444514.89971,1964779920.78511,2137093489.31936,2375281626.60252,7650300319.83,7815599502.65683,8241332516.54991,8539048447.78065,8690485823.14546,9253098954.27769,9640280084.19572,10355974217.3735,10333991891.7032
Samoa,WSM,GDP (current US$),NY.GDP.MKTP.CD,273088357.1637,288078881.433056,338838639.378435,420320176.359437,760549587.136028,770021663.967789,756919917.334022,788307330.55567,799376439.530168,832153612.557186,821496064.526185,852250190.985485,807027244.42138
San Marino,SMR,GDP (current US$),NY.GDP.MKTP.CD,1077413479.05282,1168269230.76923,1464326160.8154,1723750000,1604779647.95066,1678841811.66158,1673973694.69908,1419394771.21029,1468377272.13859,1528630707.49794,1655300872.53427,1616369645.99635,..
Sao Tome and Principe,STP,GDP (current US$),NY.GDP.MKTP.CD,75951210.6852445,85171308.1654435,102085583.465275,114582561.627097,250680845.747837,300554483.611626,346528329.183227,316066072.343754,345495614.979982,375614126.193877,412253809.728799,427425039.684339,472914469.91933
Saudi Arabia,SAU,GDP (current US$),NY.GDP.MKTP.CD,184137469733.333,189605920240,215807655253.333,258742263040,735974843360,746647127413.333,756350347333.333,654269902880,644935541440,688586244293.333,786521831573.333,792966838160,700117873249.269
Senegal,SEN,GDP (current US$),NY.GDP.MKTP.CD,6539623162.79803,7037368538.17975,8810461468.01141,10133399582.9999,17660871725.9977,18918668644.1941,19797254643.1212,17774766636.0459,19040312815.1337,20996564751.5994,23116699808.1723,23306213742.3602,24910904235.857
Serbia,SRB,GDP (current US$),NY.GDP.MKTP.CD,12960538723.7591,17120906918.3503,22482365321.7656,26141968161.0924,43309252921.0567,48394239474.6762,47062206677.6539,39655958842.5478,40692643373.0327,44179055279.8887,50640650221.4622,51475016532.1293,52960134078.6888
Seychelles,SYC,GDP (current US$),NY.GDP.MKTP.CD,622262057.191635,697518248.175182,705704816.042365,839319927.272727,1060226125.62616,1328157608.83087,1343007845.04468,1377495054.04127,1426651768.82189,1524486800.36049,1586008999.74841,1581380268.64289,1124937500
Sierra Leone,SLE,GDP (current US$),NY.GDP.MKTP.CD,1090467712.30773,1253340519.53311,1385810072.19217,1448536630.88143,3801862611.36414,4920343194.99339,5015157815.73406,4218723875.1379,3674794530.18956,3739577973.23943,4085114794.22324,4121733705.29165,3865018882.89755
Singapore,SGP,GDP (current US$),NY.GDP.MKTP.CD,89794943349.8912,92537752708.5893,97645448283.7791,115035498757.543,295087220933.024,307576360584.992,314851156183.411,308004146057.608,318763807455.664,343337750742.27,375981539145.907,374386306993.109,339998477929.985
Sint Maarten (Dutch part),SXM,GDP (current US$),NY.GDP.MKTP.CD,..,..,..,..,985865921.787709,1022905027.93296,1245251396.64804,1253072625.69832,1263687150.83799,1191620111.73184,1185474860.3352,..,..
Slovak Republic,SVK,GDP (current US$),NY.GDP.MKTP.CD,30752150335.5705,35130340673.8189,46816589164.7856,57332015147.7527,94534730680.6023,98848641554.6311,101189715749.374,88467555243.7256,89655253976.4258,95209466459.44,105474651206.555,105119160234.117,104574146248.364
Slovenia,SVN,GDP (current US$),NY.GDP.MKTP.CD,20876309970.385,23489890274.3142,29634713641.0968,34414784504.2352,46580457470.2769,48401896808.3064,49930685013.4603,43090173394.6913,44736333522.4522,48466592281.6155,54135187443.8136,54174227308.8862,52880473699.8803
Solomon Islands,SLB,GDP (current US$),NY.GDP.MKTP.CD,409435392.194013,346431958.274064,352522682.156703,397611126.698465,1190994126.60431,1284698922.22785,1335538893.33315,1307061543.70981,1378551118.49224,1483758906.61054,1574599182.64697,1570215577.36071,1551245525.6045
Somalia,SOM,GDP (current US$),NY.GDP.MKTP.CD,..,..,..,..,..,3892402684.75612,3963532302.4655,4048860871.41323,4198485403.87919,4508845348.32757,4720727283.20485,4942319040.69822,4917607582.22895
South Africa,ZAF,GDP (current US$),NY.GDP.MKTP.CD,121514658737.165,115482368343.658,175256916996.047,228590027400.653,396332702639.496,366829390478.954,350904575292.317,317620522794.827,296357282715.109,349554116683.818,368288939768.322,351431649241.439,301923639269.552
South Sudan,SSD,GDP (current US$),NY.GDP.MKTP.CD,..,..,..,..,11931472169.4915,18426469016.9492,13962212847.4576,11997800760.2242,..,..,..,..,..
Spain,ESP,GDP (current US$),NY.GDP.MKTP.CD,627286800894.855,705394315829.098,905492099322.799,1067093369754.16,1324820091194.67,1354757433212.72,1369398844599.58,1195119269971.52,1232076017361.53,1309297246509.31,1421459363680.67,1393490524517.64,1281199091016.35
Sri Lanka,LKA,GDP (current US$),NY.GDP.MKTP.CD,15749753804.8344,16536535647.0834,18881765437.2151,20662525941.2985,68434409315.1123,74317806538.3632,79356449840.5771,80604080688.5775,82401038709.5356,87421762728.6293,87954272082.1068,83975584254.4032,80706600228.6499
St. Kitts and Nevis,KNA,GDP (current US$),NY.GDP.MKTP.CD,458643829.014199,481077373.669966,469869869.86987,506900000,800414814.814815,839770370.37037,916566666.666667,923155555.555555,971170370.37037,996944444.444444,1010822222.22222,1044711111.11111,927451851.851852
St. Lucia,LCA,GDP (current US$),NY.GDP.MKTP.CD,892592592.592592,900000000,987407407.407407,1066666666.66667,1605146777.77778,1664816740.74074,1755130814.81481,1808079888.88889,1865375222.22222,1999090407.40741,2065875074.07407,2122450629.62963,1703364240.74074
St. Martin (French part),MAF,GDP (current US$),NY.GDP.MKTP.CD,..,..,..,..,..,..,..,..,..,..,..,..,..
St. Vincent and the Grenadines,VCT,GDP (current US$),NY.GDP.MKTP.CD,430040740.740741,461885185.185185,481807407.407407,521974074.074074,692933333.333333,721207407.407407,727714814.814815,755400000,774429629.62963,792177777.777778,811300000,824718518.518518,809681481.481481
Sudan,SDN,GDP (current US$),NY.GDP.MKTP.CD,13182979783.533,14803189092.7044,17646503525.1743,21457470202.7839,48243204173.7838,51215344066.2567,61731303935.2203,64458521787.0803,52804065669.9124,45017179069.0973,34522586970.0018,32250448249.4595,26110829190.4008
Suriname,SUR,GDP (current US$),NY.GDP.MKTP.CD,834279357.798165,1093574468.08511,1274190311.41869,1484092538.40527,4980000000,5145757575.75758,5240606060.60606,5126291450.81511,3317438910.83068,3591623596.03082,3996247906.19765,4221373022.25798,3807922874.48306
Sweden,SWE,GDP (current US$),NY.GDP.MKTP.CD,242395852494.409,266849061835.659,334337212322.076,385118044877.465,552483727282.802,586841821796.891,581964017237.095,505103781349.757,515654671469.547,541018749769.097,555455371487.089,531283304459.667,537609865719.019
Switzerland,CHE,GDP (current US$),NY.GDP.MKTP.CD,287226531168.523,310175772488.13,363063293977.872,405531321270.607,692109693986.886,712748124222.61,734396591036.932,702149580770.901,695600652899.283,704478516963.855,735889205256.251,731474367940.429,747968636174.008
Syrian Arab Republic,SYR,GDP (current US$),NY.GDP.MKTP.CD,21099833783.503,21582248881.6592,21828144686.0394,25086930693.0693,..,..,..,..,..,..,..,..,..
Tajikistan,TJK,GDP (current US$),NY.GDP.MKTP.CD,1080768906.5003,1221120798.81336,1555301496.04756,2076182460.86517,7633049792.09321,8448469837.53831,9112544556.05962,8271454300.59548,6992393787.40891,7536439875.08334,7765014424.33779,8300784856.87904,8194150301.78552
Tanzania,TZA,GDP (current US$),NY.GDP.MKTP.CD,13581644245.7352,14142035080.2849,15224257698.482,16675948414.7573,39650530214.3287,45680532613.7591,49964788814.0926,47378599025.3044,49774021003.0748,53320625958.5628,57003713748.2316,61136873747.3324,62409748426.5824
Thailand,THA,GDP (current US$),NY.GDP.MKTP.CD,120296476180.402,134300851255.002,152280677649.055,172895749632.046,397558222957.17,420333203150.426,407339454060.678,401296437424.995,413366150655.591,456356961443.497,506611070188.362,544263968873.601,501794961925.244
Timor-Leste,TLS,GDP (current US$),NY.GDP.MKTP.CD,477457500,469461100,490400300,440732900,1147779600,1395524600,1447311400,1594410800,1650608600,1599338100,1559894900,2017924900,1821000000
Togo,TGO,GDP (current US$),NY.GDP.MKTP.CD,1482437752.05739,1706698099.44513,2115836353.1204,2259992642.29014,3873308389.30006,4321655656.33177,4574986536.90791,4180866177.03946,6031632168.17391,6395472574.41445,7112200725.00232,7220395247.7424,7574635241.30191
Tonga,TON,GDP (current US$),NY.GDP.MKTP.CD,181116952.7897,182763693.916873,202246959.690276,230657965.488586,470714083.426751,450643615.180528,439878828.008608,437006227.162781,420540178.571429,460379144.989821,489235527.395387,512350059.421629,..
Trinidad and Tobago,TTO,GDP (current US$),NY.GDP.MKTP.CD,8824873259.32105,9008273720.93395,11305459802.0683,13280275123.0354,25763220107.0051,27268478564.5547,27615843098.0949,24959858249.4433,22386264807.3174,22385426653.883,23679919654.9891,23208326547.5327,21529824769.2969
Tunisia,TUN,GDP (current US$),NY.GDP.MKTP.CD,22066031834.2948,23142153759.5836,27453007372.9142,31183059012.4448,45044138549.2029,46251074044.439,47632390881.7812,43173531810.7667,41801284916.2011,39802554352.3188,39770478673.1648,39195716330.4253,39235672868.2722
Turkey,TUR,GDP (current US$),NY.GDP.MKTP.CD,201751148417.102,240253216295.117,314592428076.487,408876042651.701,880556375779.51,957783020853.031,938952628604.067,864316670330.882,869692960365.551,858996263095.858,778377023568.884,761428183369.171,720101212394.114
Turkmenistan,TKM,GDP (current US$),NY.GDP.MKTP.CD,3534803921.56863,4461978498.86577,5977560877.44013,6838351088.46688,35164210526.3158,39197543859.6491,43524210526.3158,35799714285.7143,36169428571.4286,37926285714.2857,40765428571.4286,45231428571.4286,..
Turks and Caicos Islands,TCA,GDP (current US$),NY.GDP.MKTP.CD,358744800,366707900,409753600,485598800,727161000,754238000,841070000,942070000,1032452000,1022365000,1113178000,1197415000,924583000
Tuvalu,TUV,GDP (current US$),NY.GDP.MKTP.CD,13196544.946726,15450994.2410084,18231078.5394643,21534931.6075894,37671774.6945537,37509075.1110253,37290607.5356048,35492074.2243257,36547799.583705,40619251.9926426,42588164.9731022,47271463.3298575,48855550.2030142
Uganda,UGA,GDP (current US$),NY.GDP.MKTP.CD,5840503868.57246,6178563590.89254,6606884390.78019,7939487473.86318,27188667092.7781,28791625085.1143,32472362948.833,32248116472.5115,29078589751.4596,30744473839.7437,32912338571.3403,35170037380.863,37372032557.5944
Ukraine,UKR,GDP (current US$),NY.GDP.MKTP.CD,37972301334.6736,42351593887.2827,50084197498.4529,64819702951.6826,175781379051.433,183310146378.081,133503411375.739,91030959454.6961,93355993628.5042,112190355158.178,130901858421.72,153929501862.341,155582008717.426
United Arab Emirates,ARE,GDP (current US$),NY.GDP.MKTP.CD,103311640571.818,109816201497.617,124346358066.712,147824370319.946,374590605854.323,390107556160.654,403137100068.074,358135057862.492,357045064669.843,385605506848.196,422215043594.282,421142267937.372,..
United Kingdom,GBR,GDP (current US$),NY.GDP.MKTP.CD,1638656974233.48,1780082434052.76,2050919183673.47,2412045038447.46,2704017284861.91,2783251090198.95,3065521109394.94,2932784751846.27,2693247611031.81,2662484018735.82,2857316524862.61,2830813507746.87,2707743777173.91
United States,USA,GDP (current US$),NY.GDP.MKTP.CD,10581821399000,10936419054000,11458243878000,12213729147000,16197007349000,16784849196000,17527163695000,18238300569000,18745075687000,19542979183000,20611860934000,21433224697000,20936600000000
Uruguay,URY,GDP (current US$),NY.GDP.MKTP.CD,20898788416.6348,13606494599.4261,12045631092.5353,13686329890.1191,51264390116.4909,57531233350.9101,57236013086.1223,53274304222.136,57236652490.1699,64233966861.2518,64515038268.1373,61231149880.5857,53628827440.3582
Uzbekistan,UZB,GDP (current US$),NY.GDP.MKTP.CD,11401421329.1974,9687788512.80184,10134453435.4603,12030023547.8807,63628854498.5024,68997168337.6782,76658542757.4707,81847410181.7953,81779012350.8833,59159945320.5667,50392607758.2324,57726542784.9204,57707189945.4214
Vanuatu,VUT,GDP (current US$),NY.GDP.MKTP.CD,257926881.72043,262596597.803278,314471328.071548,364996869.129618,747839697.746593,758304466.245339,772315721.265827,730870581.672312,780889605.899977,880043553.748442,914727908.137793,930337960.037478,854793640.145606
"Venezuela, RB",VEN,GDP (current US$),NY.GDP.MKTP.CD,122903960204.505,92893587733.6549,83620628582.1082,112453382329.615,381286237847.667,371005379786.566,482359318767.703,..,..,..,..,..,..
Vietnam,VNM,GDP (current US$),NY.GDP.MKTP.CD,32685198735.3053,35064105500.8344,39552513316.0734,45427854693.2554,155820001920.492,171222025117.381,186204652922.262,193241108709.536,205276172134.901,223779865815.183,245213686369.157,261921244843.172,271158442059.082
Virgin Islands (U.S.),VIR,GDP (current US$),NY.GDP.MKTP.CD,..,3269000000,3453000000,3799000000,4095000000,3762000000,3622000000,3748000000,3873000000,3893000000,3984000000,..,..
West Bank and Gaza,PSE,GDP (current US$),NY.GDP.MKTP.CD,4003700000,3555800000,3968000000,4603100000,12208400000,13515500000,13989700000,13972400000,15405400000,16128000000,16276600000,17133500000,15561300000
"Yemen, Rep.",YEM,GDP (current US$),NY.GDP.MKTP.CD,9861560094.74009,10694628091.6726,11777966673.3897,13872791658.5487,35401341663.0425,40415235701.9871,43228585321.3272,42445102386.6049,30933825064.3657,26736138944.5558,23486269598.9858,..,..
Zambia,ZMB,GDP (current US$),NY.GDP.MKTP.CD,4094480988.11931,4193845678.17033,4901839731.26571,6221077674.77871,25503060420.026,28037239462.7142,27141023558.0829,21251216798.7762,20958412538.3093,25873601260.8353,26311637646.6539,23308688906.1288,19320053859.279
Zimbabwe,ZWE,GDP (current US$),NY.GDP.MKTP.CD,6777384700,6342116400,5727591800,5805598400,17114849900,19091020000,19495519600,19963120600,20548678100,19015327919.1087,19523622341.6133,16932434838.6928,16768513442.6415
Africa Eastern and Southern,AFE,GDP (current US$),NY.GDP.MKTP.CD,241472709667.314,247009474649.695,325890209856.69,404799681394.14,913197374145.501,927655465312.341,956318682604.139,893099720325.014,854751939466.57,962268990853.851,984032027895.521,977809241188.771,898474072150.353
Africa Western and Central,AFW,GDP (current US$),NY.GDP.MKTP.CD,141862545777.662,170531894804.468,197384166042.614,245856459111.752,716935231751.071,807818949699.141,846943079513.472,757492080699.648,687484728475.586,680989095100.78,738131279381.972,792078923887.672,786584975143.582
Arab World,ARB,GDP (current US$),NY.GDP.MKTP.CD,731690721592.834,732197408473.793,811817119855.915,965110763304.801,2769083177301.96,2849688199794.27,2884648185179.87,2513208408401.34,2461967082628.85,2511064813464.14,2758001019806.72,2811182227470.86,2530185792347.04
Caribbean small states,CSS,GDP (current US$),NY.GDP.MKTP.CD,35249133288.9284,36990732783.7308,39545920869.4963,43259612434.0189,72051116148.0838,73419211007.4915,74439627824.1491,73063500000.9803,69496735798.6131,71763156883.7707,75432216540.9218,76644400521.136,68415253068.2718
Central Europe and the Baltics,CEB,GDP (current US$),NY.GDP.MKTP.CD,468573139250.95,527957538526.194,633714239797.637,762523255165.605,1352666800306.25,1422206484521.36,1464858797617.65,1292086768710.81,1320631381338.53,1462833446332.53,1644174835271.96,1668520366187.3,1644372278258.43
Early-demographic dividend,EAR,GDP (current US$),NY.GDP.MKTP.CD,3274588936680.55,3182101939067.11,3537481540691.09,4113241766951.7,10076933482439.4,10261105002159.5,10615976272032,10306669247463,10547542985530.6,11397555336619.6,11457073674938.5,11782968929039.6,10845901024093.1
East Asia & Pacific,EAS,GDP (current US$),NY.GDP.MKTP.CD,7716567263917.25,7845735663486.6,8625237733626.79,9675804291398.35,21065517287924,21316510680577.5,21996327244686.3,21904440888146.7,22653391943372.2,24223795431177.3,26352450117702.2,26916892986113.9,..
East Asia & Pacific (excluding high income),EAP,GDP (current US$),NY.GDP.MKTP.CD,1846557678858.12,2047031065026.03,2314322225877.23,2683390811016.86,10720903993610.1,11833482197223.7,12755768289745.4,13287040054360.4,13569980627868.9,14834229766065.1,16586777101494.7,17156128622048.8,17454153396870.2
East Asia & Pacific (IDA & IBRD countries),TEA,GDP (current US$),NY.GDP.MKTP.CD,1842766054342.46,2042817041063.92,2309582280564.94,2677980213074.93,10700265350899.5,11810748348156.1,12731309124373.7,13261565445436.8,13543999977309.3,14805913863912.2,16555121218015.4,17123379371247.2,17420835248019.9
Euro area,EMU,GDP (current US$),NY.GDP.MKTP.CD,6590492526018.28,7166143619599,8842850733589.03,10141488215183,12635903316916.9,13188825535935.2,13489216575577.6,11667231581453.3,11963764271196.6,12640555958300.5,13678330614580.3,13363549848680.3,12933363276561.7
Europe & Central Asia,ECS,GDP (current US$),NY.GDP.MKTP.CD,10150063252884.7,11093129759237.6,13508592893546.9,15744922966817.9,22432082553429.5,23441137793195.1,23764266963815.1,20476130622442,20408867237330,21601609622591.7,23155657495410.9,22828201129149.4,21960949545194.9
Europe & Central Asia (excluding high income),ECA,GDP (current US$),NY.GDP.MKTP.CD,695516132611.66,796227166663.26,1004189934373.12,1330511314958.94,4074705077727.23,4329802436641.44,4041744187936.65,3094795378990.3,2961397287993.34,3326908116206.88,3421588877159.18,3491568511353.26,3217679452264.09
Europe & Central Asia (IDA & IBRD countries),TEC,GDP (current US$),NY.GDP.MKTP.CD,909476405002.106,1022113194337.31,1256700095891.63,1627208967045.54,4629809465599.21,4909012768810.51,4641860872954,3622133037888.2,3485628799867.33,3908898637610.25,4070373079777.92,4148183187257.79,3868307068397.35
European Union,EUU,GDP (current US$),NY.GDP.MKTP.CD,7387776438160.3,8049787741385.65,9912138102011.71,11399581931162.5,14632642649230.2,15291976140967,15631276120897.1,13543830082660.1,13883444699831.6,14727943783142,15956518442929.4,15633997955351.1,15192652399779.1
Fragile and conflict affected situations,FCS,GDP (current US$),NY.GDP.MKTP.CD,425219188703.996,410697546588.163,422723561464.952,534800211930.781,1776150711867.5,1870887865768.49,2031730162755.01,1800110329488.2,1639129985247.7,1676975053897.49,1796279850832.3,1915099191967.21,1734071057010.89
Heavily indebted poor countries (HIPC),HPC,GDP (current US$),NY.GDP.MKTP.CD,162102263972.917,174116173890.062,197281660319.185,226393350920.849,575978151387.457,641669797660.562,678023563644.382,665794410711.911,671572811964.428,716948186184.384,764543929212.911,789537243675.88,801469943817.275
High income,HIC,GDP (current US$),NY.GDP.MKTP.CD,27345292426677.5,28497875152754,31950393478197.3,35564034458710.2,49059218436759,49658067563625.2,50752633575821.2,47965780900057,48977796338975.8,51201521626373.6,54405284903699.9,54846285453818.9,53255168549696.3
IBRD only,IBD,GDP (current US$),NY.GDP.MKTP.CD,5906253561091.4,5994977399064.98,6735327226178.99,8028018379609.9,25141048332895,26562338492258.6,27471012811245.2,25940897345182.7,26151809852679.4,28866087354758.5,30647536029554.4,31357177768786.5,30032605030761.6
IDA & IBRD total,IBT,GDP (current US$),NY.GDP.MKTP.CD,6369888750457.69,6496622925532.17,7295985756874.69,8684751170170.74,26923081448211.5,28523243496381.8,29565359867468.9,28015294861311.7,28180986838493.3,30970110408649.4,32869215496332.8,33680957266845.8,32350795694820.6
IDA blend,IDB,GDP (current US$),NY.GDP.MKTP.CD,205813939996.97,227295358596.998,255069084599.539,310751074106.68,889579521926.625,965831920125.884,1036807352387.7,999690354041.435,930903842237.04,919474226980.617,959604463467.898,987263626955.732,955550161950.502
IDA only,IDX,GDP (current US$),NY.GDP.MKTP.CD,258521823202.305,275593890301.532,306909263344.766,347009511029.298,885743465109.462,992492158999.464,1057127836058.31,1078896616196.76,1105318283185.94,1192482879144.8,1271203826064.25,1350252498357.17,1383767789763.05
IDA total,IDA,GDP (current US$),NY.GDP.MKTP.CD,465871870449.608,504753408943.887,564093821517.396,660606024233.447,1785050448630.61,1967697876874.49,2104299978535.73,2086410313106.88,2039250773156.25,2110688903978.31,2228356756468.43,2332822025738.87,2330805085536.47
Late-demographic dividend,LTE,GDP (current US$),NY.GDP.MKTP.CD,3517587452666.1,3726456381846.24,4247010409763.59,5106325375252.73,17608000389701.8,18978677563922.7,19700559349905.8,18473312885797,18522161217449.6,20557708097246.3,22535018912642.5,22961683332059.9,22521399760589.9
Latin America & Caribbean,LCN,GDP (current US$),NY.GDP.MKTP.CD,2242465755431.33,2012048308089.64,2054973027040.79,2368315499919.04,6150593649949.81,6303189080239.61,6426823619044.39,5531155510354.61,5405520920068.15,6003763531340.16,5865831110516.88,5786726554928.08,4838097985061.95
Latin America & Caribbean (excluding high income),LAC,GDP (current US$),NY.GDP.MKTP.CD,1925705028049.1,1731482311607.51,1773300252218.28,2023229633944.63,5288327452642.47,5431239202702.66,5460163132683.33,4653088092007.6,4527157303795.28,5046523256120.21,4897955761446.68,4841640251322.17,4007837786207.94
Latin America & the Caribbean (IDA & IBRD countries),TLA,GDP (current US$),NY.GDP.MKTP.CD,2118889299200.43,1884432437951.77,1921340497700.76,2225083643774.64,5942622983733.29,6090301845617.56,6209426244963.11,5302256971775.61,5169862258291.88,5763511079852.59,5623101122795.78,5535010379191.35,4611107748612.96
Least developed countries: UN classification,LDC,GDP (current US$),NY.GDP.MKTP.CD,207418545966.298,228179642875.729,255429165442.663,292219962276.936,817747803078.106,895723388795.454,967654804026.309,951978180250.786,950921527687.52,1039614232529.88,1075615110117.57,1131451684833.93,1130187942283.95
Low & middle income,LMY,GDP (current US$),NY.GDP.MKTP.CD,5970741847656.37,6125443508073.8,6904111272750.56,8196269775282.66,25744973604266.9,27318637221993.9,28250608405525.9,26827273590878.7,26991045980166.5,29651326854372.8,31434957234643.8,32252234228551.2,30980178559592.6
Low income,LIC,GDP (current US$),NY.GDP.MKTP.CD,117473983984.689,126871458544.032,140262221828.581,162336144359.596,420914537116.372,459946112800.653,497811019787.332,497263761960.593,470822744409.825,486350413377.582,502363633203.449,531834685224.177,546661335346.153
Lower middle income,LMC,GDP (current US$),NY.GDP.MKTP.CD,1531746222986.39,1641152542728.41,1885356842821.41,2184904551979.59,6195683414243.4,6307742047940.43,6561460119567.91,6439837796354.41,6722961960319.86,7241764591199.76,7336705281131.43,7729875233288.06,7328773718411.43
Middle East & North Africa,MEA,GDP (current US$),NY.GDP.MKTP.CD,978015289158.734,969285996823.255,1077443062326.07,1271967632711.92,3576610117022.15,3548806416923.64,3563982238624.89,3132943747136.43,3146760043268.08,3267070786136.3,3388274443930.22,3430720936781.85,3098531138329.19
Middle East & North Africa (excluding high income),MNA,GDP (current US$),NY.GDP.MKTP.CD,473751321132.928,455893938127.342,499423757952.941,593356688491.545,1729886735904,1619261331095.11,1592859036118.69,1428596681862.35,1451355166163.97,1431432476945.16,1341059504338.88,1366023640539.95,1214678560587.73
Middle East & North Africa (IDA & IBRD countries),TMN,GDP (current US$),NY.GDP.MKTP.CD,469763347128.89,452354212438.39,495473136757.494,588774588353.198,1717650707605.29,1605624651407.95,1578718422012.2,1414423855937.98,1435690886769.07,1415006506813.16,1324450475281.05,1348515292345.82,1198762615121.48
Middle income,MIC,GDP (current US$),NY.GDP.MKTP.CD,5854743134260.79,6000979292472.18,6766264566448.44,8036346846288.66,25315251676059.5,26852248108123.3,27750785274437.3,26333244714729.7,26516584318675.4,29153757737687.9,30917603112934.9,31709624259848.6,30433091189388.5
North America,NAC,GDP (current US$),NY.GDP.MKTP.CD,11324483674355.4,11701005616098,12357971049634.8,13244904088278.2,18031752018521.6,18637912373835,19339327561439.9,19801463926217.1,20279970339907.4,21199387143244.1,22340938595869.6,23182285203906,22587300006483.9
Not classified,INX,GDP (current US$),NY.GDP.MKTP.CD,..,..,..,..,..,..,..,..,..,..,..,..,..
OECD members,OED,GDP (current US$),NY.GDP.MKTP.CD,27282684105617.7,28458472196802.5,31848492628064.7,35456244725466.6,48490804597909.5,49149217411326,50192651469585.9,47383213168536.8,48288124360650.9,50395090974018.7,53327471505093.5,53791284572855,52059613762688.1
Other small states,OSS,GDP (current US$),NY.GDP.MKTP.CD,90947842452.4601,98118747587.5218,122149131929.737,151571751143.426,414363806132.821,432445578061.314,446975168776.243,370954636401.155,366640783079.732,399208351427.105,443035376761.848,433454622124.212,377607677758.984
Pacific island small states,PSS,GDP (current US$),NY.GDP.MKTP.CD,3395627454.74412,3564053859.65798,4178053060.69634,4818328883.27559,8187035163.22642,8498098714.23933,9226348805.80855,9019943659.00476,9453367093.78928,10213198744.5181,10648756157.9936,10637424277.5219,9170736596.47727
Post-demographic dividend,PST,GDP (current US$),NY.GDP.MKTP.CD,26053316129150.4,27167091609749,30472518993901.8,33857505694163.8,45641024931446.8,46101860324218.2,47060942290187,44558051121128.2,45551709733193.2,47483868055092.8,50345397908613.2,50795259523739.9,49308104492761.5
Pre-demographic dividend,PRE,GDP (current US$),NY.GDP.MKTP.CD,255989031140.178,293685724768.71,318726172382,398206423909.425,1297362819141.69,1421498471964.17,1498314647966.99,1319824386706.79,1212331923187.34,1266378114995.4,1332425550522.63,1399441249557.88,1303276093315.24
Small states,SST,GDP (current US$),NY.GDP.MKTP.CD,129583662730.112,138664470849.797,165862880940.711,199638910298.86,494601957444.131,514362887783.044,530641145406.2,453038080061.14,445590885972.134,481184707055.394,529116349460.763,520736446922.87,455343539194.36
South Asia,SAS,GDP (current US$),NY.GDP.MKTP.CD,645870273837.063,677627487567.085,791002717916.674,917089339402.252,2300183795624.87,2360023451695.2,2584551170321.86,2700207657238.33,2926348779932.11,3348219136908.6,3436884615713.16,3596914996945.22,3351519770520.79
South Asia (IDA & IBRD),TSA,GDP (current US$),NY.GDP.MKTP.CD,645870273837.063,677627487567.085,791002717916.674,917089339402.252,2300183795624.87,2360023451695.2,2584551170321.86,2700207657238.33,2926348779932.11,3348219136908.6,3436884615713.16,3596914996945.22,3351519770520.79
Sub-Saharan Africa,SSF,GDP (current US$),NY.GDP.MKTP.CD,382624426175.664,417145670024.173,522392335561.648,649569376718.435,1630356351771.74,1735880177198.15,1803680014727.28,1650982515526.5,1542336352205.24,1642690038817.99,1721887825085.79,1770043307715.18,1685631629892.34
Sub-Saharan Africa (excluding high income),SSA,GDP (current US$),NY.GDP.MKTP.CD,381998011477.48,416443375025.631,521682838646.596,648725839889.244,1629296447405.67,1734551914589.04,1802336897655.55,1649604920994.31,1540908583710.7,1641164325953.98,1720300618616.64,1768461055198.11,1684508652005.79
Sub-Saharan Africa (IDA & IBRD countries),TSS,GDP (current US$),NY.GDP.MKTP.CD,382624426175.664,417145670024.173,522392335561.648,649569376718.435,1630356351771.75,1735880177198.15,1803680014727.28,1650982515526.5,1542336352205.24,1642690038817.99,1721887825085.79,1770043307715.18,1685631629892.34
Upper middle income,UMC,GDP (current US$),NY.GDP.MKTP.CD,4323005063870.51,4359826749743.77,4880907723627.02,5851442294309.07,19119568261816.1,20544506060182.9,21189325154869.4,19893406918375.3,19793622358355.6,21911993146488.1,23580897831803.5,23979749026560.5,23104877770162.5
World,WLD,GDP (current US$),NY.GDP.MKTP.CD,33447171142102.4,34724863149603.8,38947772548138.2,43883083091157.9,75172809759239.9,77331908388819.2,79468864487095.5,75233601708128.7,76417252932190.9,81326724569979.8,86343514250201.5,87607773878148.9,84705425882119
,,,,,,,,,,,,,,,,
,,,,,,,,,,,,,,,,
,,,,,,,,,,,,,,,,
Data from database: World Development Indicators,,,,,,,,,,,,,,,,
Last Updated: 07/30/2021,,,,,,,,,,,,,,,,
